<?xml version = '1.0' encoding = 'UTF-8'?>
<Diagram class="oracle.dbtools.crest.swingui.relational.DPVRelational" name="Relational_1" id="8DE9EE14-88CE-551C-DF40-FA9D2D634C5C">
<createdBy>HP</createdBy>
<modifiedBy>HP</modifiedBy>
<createdTime>2023-11-07 13:03:42 UTC</createdTime>
<autoRoute>false</autoRoute>
<boxInbox>true</boxInbox>
<showLegend>false</showLegend>
<showLabels>false</showLabels>
<showRelAttributes>false</showRelAttributes>
<gridEnabled>false</gridEnabled>
<showGrid>false</showGrid>
<diagramColor>-1</diagramColor>
<display>false</display>
<notation>1</notation>
<objectViews>
<OView class="oracle.dbtools.crest.swingui.relational.TVTable" oid="0E99BA2D-C19B-CA9B-993F-D913E379B28C" otype="Table" vid="09E30738-8CAC-00E2-0690-F8B46711E9E2">
<hideElementsInCurrentOnly>false</hideElementsInCurrentOnly>
<bounds x="35" y="182" width="175" height="118"/>
</OView>
<OView class="oracle.dbtools.crest.swingui.relational.TVTable" oid="0EB994C7-9116-013F-C081-55EA02691754" otype="Table" vid="6AA35887-DF44-0F2A-CC1F-D1A0DDFF2B4E">
<hideElementsInCurrentOnly>false</hideElementsInCurrentOnly>
<bounds x="1106" y="321" width="224" height="141"/>
</OView>
<OView class="oracle.dbtools.crest.swingui.relational.TVTable" oid="2D7B4E91-121E-1745-FD77-814F88140BA9" otype="Table" vid="01B9E715-3468-8122-A031-B0138932E219">
<hideElementsInCurrentOnly>false</hideElementsInCurrentOnly>
<bounds x="714" y="446" width="222" height="133"/>
</OView>
<OView class="oracle.dbtools.crest.swingui.relational.TVTable" oid="984616E5-9057-E12D-08DB-393C47768A2F" otype="Table" vid="01034479-1A4E-CF0A-1CC0-C733F6EA7FE7">
<hideElementsInCurrentOnly>false</hideElementsInCurrentOnly>
<bounds x="30" y="26" width="210" height="115"/>
</OView>
<OView class="oracle.dbtools.crest.swingui.relational.TVTable" oid="9C4977D4-45E8-4C6B-2F53-6A38788A5A3F" otype="Table" vid="6B6B5D57-D427-FD70-BBD5-1D7738FCA228">
<hideElementsInCurrentOnly>false</hideElementsInCurrentOnly>
<bounds x="307" y="26" width="193" height="281"/>
</OView>
<OView class="oracle.dbtools.crest.swingui.relational.TVTable" oid="BC25B003-4D20-20B9-A84D-CBD37E92ADC8" otype="Table" vid="16A478B5-A3E9-6FC7-93AD-98FF24DB8D18">
<hideElementsInCurrentOnly>false</hideElementsInCurrentOnly>
<bounds x="50" y="392" width="175" height="83"/>
</OView>
<OView class="oracle.dbtools.crest.swingui.relational.TVTable" oid="DF4C7061-8089-086E-E762-20FC0649DC5D" otype="Table" vid="8CE4E4E5-8A98-6EDC-4617-DF742F99EA89">
<hideElementsInCurrentOnly>false</hideElementsInCurrentOnly>
<bounds x="641" y="121" width="283" height="162"/>
</OView>
<OView class="oracle.dbtools.crest.swingui.relational.TVTable" oid="E76C6C7E-4B31-8985-C28C-34DE2BADC661" otype="Table" vid="E67FC0D7-4F7F-4901-FA56-D9224528F2A0">
<hideElementsInCurrentOnly>false</hideElementsInCurrentOnly>
<bounds x="1102" y="69" width="226" height="143"/>
</OView>
</objectViews>
<connectors>
<Connector class="oracle.dbtools.crest.swingui.relational.TVFKRelation" oid="094484B1-F2CA-FD8E-C6AD-B5F6E229BD32" otype="FKIndexAssociation" vid_source="6AA35887-DF44-0F2A-CC1F-D1A0DDFF2B4E" vid_target="8CE4E4E5-8A98-6EDC-4617-DF742F99EA89">
<hideElementsInCurrentOnly>false</hideElementsInCurrentOnly>
<backgroundColor>-16777216</backgroundColor>
<lineWidth>1</lineWidth>
<points>
<point x="1106" y="342"/>
<point x="924" y="263"/>
</points>
</Connector>
<Connector class="oracle.dbtools.crest.swingui.relational.TVFKRelation" oid="2BD4F82B-8779-89F6-FEFA-915051CEAA26" otype="FKIndexAssociation" vid_source="6B6B5D57-D427-FD70-BBD5-1D7738FCA228" vid_target="8CE4E4E5-8A98-6EDC-4617-DF742F99EA89">
<hideElementsInCurrentOnly>false</hideElementsInCurrentOnly>
<backgroundColor>-16777216</backgroundColor>
<lineWidth>1</lineWidth>
<points>
<point x="500" y="202"/>
<point x="641" y="202"/>
</points>
</Connector>
<Connector class="oracle.dbtools.crest.swingui.relational.TVFKRelation" oid="5F09837F-F2CE-E8D3-1A62-738D43904B0C" otype="FKIndexAssociation" vid_source="01034479-1A4E-CF0A-1CC0-C733F6EA7FE7" vid_target="09E30738-8CAC-00E2-0690-F8B46711E9E2">
<hideElementsInCurrentOnly>false</hideElementsInCurrentOnly>
<backgroundColor>-16777216</backgroundColor>
<lineWidth>1</lineWidth>
<points>
<point x="137" y="141"/>
<point x="137" y="182"/>
</points>
</Connector>
<Connector class="oracle.dbtools.crest.swingui.relational.TVFKRelation" oid="BA65288E-B0D3-9B41-F50C-A1DA95A9461D" otype="FKIndexAssociation" vid_source="01B9E715-3468-8122-A031-B0138932E219" vid_target="6AA35887-DF44-0F2A-CC1F-D1A0DDFF2B4E">
<hideElementsInCurrentOnly>false</hideElementsInCurrentOnly>
<backgroundColor>-16777216</backgroundColor>
<lineWidth>1</lineWidth>
<points>
<point x="936" y="454"/>
<point x="1106" y="363"/>
</points>
</Connector>
<Connector class="oracle.dbtools.crest.swingui.relational.TVFKRelation" oid="BC50BF47-1AC6-5D58-C7A2-44A369A78D69" otype="FKIndexAssociation" vid_source="16A478B5-A3E9-6FC7-93AD-98FF24DB8D18" vid_target="6B6B5D57-D427-FD70-BBD5-1D7738FCA228">
<hideElementsInCurrentOnly>false</hideElementsInCurrentOnly>
<backgroundColor>-16777216</backgroundColor>
<lineWidth>1</lineWidth>
<points>
<point x="207" y="392"/>
<point x="307" y="85"/>
</points>
</Connector>
<Connector class="oracle.dbtools.crest.swingui.relational.TVFKRelation" oid="BFB086FC-B63B-7EE7-E1A3-4357F3DEFEB3" otype="FKIndexAssociation" vid_source="09E30738-8CAC-00E2-0690-F8B46711E9E2" vid_target="6B6B5D57-D427-FD70-BBD5-1D7738FCA228">
<hideElementsInCurrentOnly>false</hideElementsInCurrentOnly>
<backgroundColor>-16777216</backgroundColor>
<lineWidth>1</lineWidth>
<points>
<point x="210" y="241"/>
<point x="307" y="66"/>
</points>
</Connector>
<Connector class="oracle.dbtools.crest.swingui.relational.TVFKRelation" oid="C840CC15-A55C-B5C5-D9A3-C5940E067C4C" otype="FKIndexAssociation" vid_source="E67FC0D7-4F7F-4901-FA56-D9224528F2A0" vid_target="8CE4E4E5-8A98-6EDC-4617-DF742F99EA89">
<hideElementsInCurrentOnly>false</hideElementsInCurrentOnly>
<backgroundColor>-16777216</backgroundColor>
<lineWidth>1</lineWidth>
<points>
<point x="1102" y="166"/>
<point x="924" y="166"/>
</points>
</Connector>
</connectors>
</Diagram>