<?xml version = '1.0' encoding = 'UTF-8'?>
<FKIndexAssociation class="oracle.dbtools.crest.model.design.relational.FKIndexAssociation" directorySegmentName="seg_0" id="2BD4F82B-8779-89F6-FEFA-915051CEAA26" containerWithKeyObject="DF4C7061-8089-086E-E762-20FC0649DC5D" localFKIndex="DE4D92EB-A8EB-942B-C4B5-AD2A93984F69" name="car_buyer_id">
<createdBy>HP</createdBy>
<createdTime>2023-11-07 14:50:35 UTC</createdTime>
<ownerDesignName>HomeworkDB_22621663</ownerDesignName>
<referredTableLongName>Car</referredTableLongName>
<deleteRule>NO ACTION</deleteRule>
<referredTableID>9C4977D4-45E8-4C6B-2F53-6A38788A5A3F</referredTableID>
<keyObject>6DB29F92-ABB9-6D45-DB5D-9CEF608918A6</keyObject>
<referredKeyID>6DB29F92-ABB9-6D45-DB5D-9CEF608918A6</referredKeyID>
<mandatory>true</mandatory>
<refColNames>car_id</refColNames>
<transferable>true</transferable>
<rely>false</rely>
<columnDependencyConstraintGenerateInDDL>true</columnDependencyConstraintGenerateInDDL>
</FKIndexAssociation>