<?xml version = '1.0' encoding = 'UTF-8'?>
<FKIndexAssociation class="oracle.dbtools.crest.model.design.relational.FKIndexAssociation" directorySegmentName="seg_0" id="5F09837F-F2CE-E8D3-1A62-738D43904B0C" containerWithKeyObject="0E99BA2D-C19B-CA9B-993F-D913E379B28C" localFKIndex="CFE0D8CE-D45A-D9FC-FCCC-9F18A548D260" name="Brand - Model_Car - Brand_FK">
<createdBy>DELL</createdBy>
<createdTime>2024-01-03 08:06:16 UTC</createdTime>
<ownerDesignName>HomeworkDB_22621663</ownerDesignName>
<referredTableLongName>Car - Brand</referredTableLongName>
<deleteRule>NO ACTION</deleteRule>
<referredTableID>984616E5-9057-E12D-08DB-393C47768A2F</referredTableID>
<keyObject>B1EB84EE-09F5-2E65-02E2-D95A41C8CECC</keyObject>
<referredKeyID>B1EB84EE-09F5-2E65-02E2-D95A41C8CECC</referredKeyID>
<mandatory>true</mandatory>
<refColNames>brand_id</refColNames>
<transferable>true</transferable>
<rely>false</rely>
<columnDependencyConstraintGenerateInDDL>true</columnDependencyConstraintGenerateInDDL>
</FKIndexAssociation>