<?xml version = '1.0' encoding = 'UTF-8'?>
<FKIndexAssociation class="oracle.dbtools.crest.model.design.relational.FKIndexAssociation" directorySegmentName="seg_0" id="BFB086FC-B63B-7EE7-E1A3-4357F3DEFEB3" containerWithKeyObject="9C4977D4-45E8-4C6B-2F53-6A38788A5A3F" localFKIndex="3FE680F4-59A0-2991-E344-5FEC88EC705F" name="Car_Brand - Model_FK">
<createdBy>DELL</createdBy>
<createdTime>2024-01-03 08:08:51 UTC</createdTime>
<ownerDesignName>HomeworkDB_22621663</ownerDesignName>
<referredTableLongName>Brand - Model</referredTableLongName>
<deleteRule>NO ACTION</deleteRule>
<referredTableID>0E99BA2D-C19B-CA9B-993F-D913E379B28C</referredTableID>
<keyObject>A4373F57-B454-84B4-4062-857AE77F0082</keyObject>
<referredKeyID>A4373F57-B454-84B4-4062-857AE77F0082</referredKeyID>
<mandatory>true</mandatory>
<refColNames>model_id</refColNames>
<transferable>true</transferable>
<rely>false</rely>
<columnDependencyConstraintGenerateInDDL>true</columnDependencyConstraintGenerateInDDL>
</FKIndexAssociation>