<?xml version = '1.0' encoding = 'UTF-8'?>
<Table class="oracle.dbtools.crest.model.design.relational.Table" directorySegmentName="seg_0" id="984616E5-9057-E12D-08DB-393C47768A2F" name="Car - Brand">
<createdBy>DELL</createdBy>
<createdTime>2023-11-08 08:47:54 UTC</createdTime>
<ownerDesignName>HomeworkDB_22621663</ownerDesignName>
<ordsAlias>table_16</ordsAlias>
<allowColumnReorder>false</allowColumnReorder>
<existDependencyGenerateInDDl>true</existDependencyGenerateInDDl>
<parsed>true</parsed>
<columns itemClass="oracle.dbtools.crest.model.design.relational.Column">
<Column name="brand_id" id="2FC98817-F82D-C97C-10E8-CE0FCDCD148D">
<createdBy>DELL</createdBy>
<createdTime>2023-11-08 15:55:21 UTC</createdTime>
<ownerDesignName>HomeworkDB_22621663</ownerDesignName>
<useDomainConstraints>false</useDomainConstraints>
<use>1</use>
<logicalDatatype>LOGDT027</logicalDatatype>
<ownDataTypeParameters>,,</ownDataTypeParameters>
<autoIncrementCycle>false</autoIncrementCycle>
</Column>
<Column name="brand_title" id="EA51EF6A-7481-967F-6DD8-DB0968496C80">
<createdBy>DELL</createdBy>
<createdTime>2023-11-08 16:02:23 UTC</createdTime>
<ownerDesignName>HomeworkDB_22621663</ownerDesignName>
<nullsAllowed>true</nullsAllowed>
<useDomainConstraints>false</useDomainConstraints>
<use>1</use>
<logicalDatatype>LOGDT024</logicalDatatype>
<dataTypeSize>15</dataTypeSize>
<ownDataTypeParameters>15,,</ownDataTypeParameters>
<autoIncrementCycle>false</autoIncrementCycle>
</Column>
</columns>
<indexes itemClass="oracle.dbtools.crest.model.design.relational.Index">
<ind_PK_UK id="B1EB84EE-09F5-2E65-02E2-D95A41C8CECC" name="Car - Brand_PK">
<createdBy>DELL</createdBy>
<createdTime>2023-11-08 15:55:21 UTC</createdTime>
<ownerDesignName>HomeworkDB_22621663</ownerDesignName>
<pk>true</pk>
<indexState>Primary Constraint</indexState>
<isSurrogateKey>false</isSurrogateKey>
<indexColumnUsage>
<colUsage columnID="2FC98817-F82D-C97C-10E8-CE0FCDCD148D"/>
</indexColumnUsage>
</ind_PK_UK>
</indexes>
</Table>