<?xml version = '1.0' encoding = 'UTF-8'?>
<Table class="oracle.dbtools.crest.model.design.relational.Table" directorySegmentName="seg_0" id="9C4977D4-45E8-4C6B-2F53-6A38788A5A3F" name="Car">
<createdBy>HP</createdBy>
<createdTime>2023-11-07 14:05:55 UTC</createdTime>
<ownerDesignName>HomeworkDB_22621663</ownerDesignName>
<ordsAlias>table_9</ordsAlias>
<allowColumnReorder>false</allowColumnReorder>
<existDependencyGenerateInDDl>true</existDependencyGenerateInDDl>
<parsed>true</parsed>
<columns itemClass="oracle.dbtools.crest.model.design.relational.Column">
<Column name="car_id" id="BD71EA42-9552-ED30-9E40-C962702DD161">
<createdBy>HP</createdBy>
<createdTime>2023-11-07 14:06:27 UTC</createdTime>
<ownerDesignName>HomeworkDB_22621663</ownerDesignName>
<useDomainConstraints>false</useDomainConstraints>
<use>1</use>
<logicalDatatype>LOGDT027</logicalDatatype>
<ownDataTypeParameters>,,</ownDataTypeParameters>
<autoIncrementCycle>false</autoIncrementCycle>
</Column>
<Column name="model_id" id="BC52A7D6-CB64-A802-1197-E0DFF70024F0">
<createdBy>DELL</createdBy>
<createdTime>2024-01-03 08:07:31 UTC</createdTime>
<ownerDesignName>HomeworkDB_22621663</ownerDesignName>
<useDomainConstraints>false</useDomainConstraints>
<use>1</use>
<logicalDatatype>LOGDT027</logicalDatatype>
<ownDataTypeParameters>,,</ownDataTypeParameters>
<autoIncrementCycle>false</autoIncrementCycle>
<associations>
<colAssociation fkAssociation="BFB086FC-B63B-7EE7-E1A3-4357F3DEFEB3" referredColumn="FD7EB63A-96BA-222B-88A1-3DAFBDE69728"/>
</associations>
</Column>
<Column name="car_color_id" id="02447493-EA1D-B0F1-5489-3ED805333EFA">
<createdBy>HP</createdBy>
<createdTime>2023-11-07 14:35:43 UTC</createdTime>
<ownerDesignName>HomeworkDB_22621663</ownerDesignName>
<useDomainConstraints>false</useDomainConstraints>
<use>1</use>
<logicalDatatype>LOGDT027</logicalDatatype>
<ownDataTypeParameters>,,</ownDataTypeParameters>
<previousColumn>false</previousColumn>
<autoIncrementCycle>false</autoIncrementCycle>
<associations>
<colAssociation fkAssociation="BC50BF47-1AC6-5D58-C7A2-44A369A78D69" referredColumn="F804DAE8-3EBC-5528-F994-7711AC0B1421"/>
</associations>
</Column>
<Column name="year" id="8F1740E8-C869-EE36-AE49-CF053B4D417F">
<createdBy>HP</createdBy>
<createdTime>2023-11-07 14:08:41 UTC</createdTime>
<ownerDesignName>HomeworkDB_22621663</ownerDesignName>
<nullsAllowed>true</nullsAllowed>
<useDomainConstraints>false</useDomainConstraints>
<use>1</use>
<logicalDatatype>LOGDT024</logicalDatatype>
<ownDataTypeParameters>,,</ownDataTypeParameters>
<autoIncrementCycle>false</autoIncrementCycle>
</Column>
<Column name="mileage" id="7A8560E1-150B-3CFC-C586-23FDF263AFCD">
<createdBy>HP</createdBy>
<createdTime>2023-11-07 14:08:41 UTC</createdTime>
<ownerDesignName>HomeworkDB_22621663</ownerDesignName>
<nullsAllowed>true</nullsAllowed>
<useDomainConstraints>false</useDomainConstraints>
<use>1</use>
<logicalDatatype>LOGDT027</logicalDatatype>
<ownDataTypeParameters>,,</ownDataTypeParameters>
<autoIncrementCycle>false</autoIncrementCycle>
</Column>
<Column name="price" id="254C90CF-E31E-43A5-77B4-26D7B4E55240">
<createdBy>HP</createdBy>
<createdTime>2023-11-07 14:08:57 UTC</createdTime>
<ownerDesignName>HomeworkDB_22621663</ownerDesignName>
<nullsAllowed>true</nullsAllowed>
<useDomainConstraints>false</useDomainConstraints>
<use>1</use>
<logicalDatatype>LOGDT020</logicalDatatype>
<dataTypePrecision>2</dataTypePrecision>
<ownDataTypeParameters>,2,</ownDataTypeParameters>
<autoIncrementCycle>false</autoIncrementCycle>
</Column>
</columns>
<indexes itemClass="oracle.dbtools.crest.model.design.relational.Index">
<ind_PK_UK id="6DB29F92-ABB9-6D45-DB5D-9CEF608918A6" name="Car_PK">
<createdBy>HP</createdBy>
<createdTime>2023-11-07 14:06:27 UTC</createdTime>
<ownerDesignName>HomeworkDB_22621663</ownerDesignName>
<pk>true</pk>
<indexState>Primary Constraint</indexState>
<isSurrogateKey>false</isSurrogateKey>
<indexColumnUsage>
<colUsage columnID="BD71EA42-9552-ED30-9E40-C962702DD161"/>
</indexColumnUsage>
</ind_PK_UK>
<ind_PK_UK id="003F95FB-F748-6D5F-F0CD-9CE2A00D0084" name="Car_Car - color_FK">
<createdBy>HP</createdBy>
<createdTime>2023-11-07 14:35:43 UTC</createdTime>
<ownerDesignName>HomeworkDB_22621663</ownerDesignName>
<indexState>Foreign Key</indexState>
<isSurrogateKey>false</isSurrogateKey>
<indexColumnUsage>
<colUsage columnID="02447493-EA1D-B0F1-5489-3ED805333EFA"/>
</indexColumnUsage>
</ind_PK_UK>
<ind_PK_UK id="3FE680F4-59A0-2991-E344-5FEC88EC705F" name="Car_Brand - Model_FK">
<createdBy>DELL</createdBy>
<createdTime>2024-01-03 08:08:51 UTC</createdTime>
<ownerDesignName>HomeworkDB_22621663</ownerDesignName>
<indexState>Foreign Key</indexState>
<isSurrogateKey>false</isSurrogateKey>
<indexColumnUsage>
<colUsage columnID="BC52A7D6-CB64-A802-1197-E0DFF70024F0"/>
</indexColumnUsage>
</ind_PK_UK>
</indexes>
</Table>