<?xml version = '1.0' encoding = 'UTF-8'?>
<Table class="oracle.dbtools.crest.model.design.relational.Table" directorySegmentName="seg_0" id="BC25B003-4D20-20B9-A84D-CBD37E92ADC8" name="Car - Color">
<createdBy>HP</createdBy>
<createdTime>2023-11-07 13:59:14 UTC</createdTime>
<ownerDesignName>HomeworkDB_22621663</ownerDesignName>
<ordsAlias>table_4</ordsAlias>
<allowColumnReorder>false</allowColumnReorder>
<existDependencyGenerateInDDl>true</existDependencyGenerateInDDl>
<parsed>true</parsed>
<columns itemClass="oracle.dbtools.crest.model.design.relational.Column">
<Column name="color_id" id="F804DAE8-3EBC-5528-F994-7711AC0B1421">
<createdBy>HP</createdBy>
<createdTime>2023-11-07 14:04:46 UTC</createdTime>
<ownerDesignName>HomeworkDB_22621663</ownerDesignName>
<useDomainConstraints>false</useDomainConstraints>
<use>1</use>
<logicalDatatype>LOGDT027</logicalDatatype>
<ownDataTypeParameters>,,</ownDataTypeParameters>
<autoIncrementCycle>false</autoIncrementCycle>
</Column>
<Column name="color_name" id="BAF6BCEA-C443-337B-A03D-45434F44D21C">
<createdBy>HP</createdBy>
<createdTime>2023-11-07 14:05:03 UTC</createdTime>
<ownerDesignName>HomeworkDB_22621663</ownerDesignName>
<nullsAllowed>true</nullsAllowed>
<useDomainConstraints>false</useDomainConstraints>
<use>1</use>
<logicalDatatype>LOGDT024</logicalDatatype>
<ownDataTypeParameters>,,</ownDataTypeParameters>
<autoIncrementCycle>false</autoIncrementCycle>
</Column>
</columns>
<indexes itemClass="oracle.dbtools.crest.model.design.relational.Index">
<ind_PK_UK id="D5CA7B13-AF67-9D82-86EE-82C8DE001C0E" name="Car - color_PK">
<createdBy>HP</createdBy>
<createdTime>2023-11-07 14:04:46 UTC</createdTime>
<ownerDesignName>HomeworkDB_22621663</ownerDesignName>
<pk>true</pk>
<indexState>Primary Constraint</indexState>
<isSurrogateKey>false</isSurrogateKey>
<indexColumnUsage>
<colUsage columnID="F804DAE8-3EBC-5528-F994-7711AC0B1421"/>
</indexColumnUsage>
</ind_PK_UK>
</indexes>
</Table>